{"cameraMode":{"drawMode":0,"name":"Shaded","section":"Shading Mode"},"sceneLighting":false,"audioPlay":false,"sceneViewState":{"m_AlwaysRefresh":false,"showFog":true,"showSkybox":false,"showFlares":true,"showImageEffects":true,"showParticleSystems":true,"showVisualEffectGraphs":true,"m_FxEnabled":true},"in2DMode":false,"pivot":{"x":-7.4833831787109379,"y":-1.971915602684021,"z":-19.303848266601564},"rotation":{"x":0.0044999574311077599,"y":-0.002999835414811969,"z":0.000013478494111041073,"w":0.9999863505363464},"size":7.305819034576416,"orthographic":true}