{"cameraMode":{"drawMode":0,"name":"Shaded","section":"Shading Mode"},"sceneLighting":false,"audioPlay":false,"sceneViewState":{"m_AlwaysRefresh":false,"showFog":true,"showSkybox":false,"showFlares":true,"showImageEffects":true,"showParticleSystems":true,"showVisualEffectGraphs":true,"m_FxEnabled":true},"in2DMode":false,"pivot":{"x":-5.239999771118164,"y":-0.5199999809265137,"z":-29.45271873474121},"rotation":{"x":0.0044999574311077599,"y":-0.002999835414811969,"z":0.000013478494111041073,"w":0.9999863505363464},"size":2.6331186294555666,"orthographic":true}